{
    "radio_tipos" : {
        "802.11a": "Wi-Fi 1",
        "802.11b": "Wi-Fi 1",
        "802.11g": "Wi-Fi 3",
        "802.11n": "Wi-Fi 4",
        "802.11ac": "Wi-Fi 5",
        "802.11ax": "Wi-Fi 6",
        "802.11be": "Wi-Fi 7"
    },
    "canales_rango_2.4G" : {
        "1": "1 Rango(2401 MHz - 2423 MHz)",
        "2": "2 Rango(2406 MHz - 2428 MHz)",
        "3": "3 Rango(2411 MHz - 2433 MHz)",
        "4": "4 Rango(2416 MHz - 2438 MHz)",
        "5": "5 Rango(2421 MHz - 2443 MHz)",
        "6": "6 Rango(2426 MHz - 2448 MHz)",
        "7": "7 Rango(2431 MHz - 2453 MHz)",
        "8": "8 Rango(2436 MHz - 2458 MHz)",
        "9": "9 Rango(2441 MHz - 2463 MHz)",
        "10": "10 Rango(2446 MHz - 2468 MHz)",
        "11": "11 Rango(2451 MHz - 2473 MHz)",
        "12": "12 Rango(2456 MHz - 2478 MHz)",
        "13": "13 Rango(2461 MHz - 2483 MHz)",
        "14": "14 Rango(2473 MHz - 2495 MHz)"
    },
    "canales_rango_5G": {
        "36": "36 Frecuencia 5180 MHz",
        "40": "40 Frecuencia 5200 MHz",
        "44": "44 Frecuencia 5220 MHz",
        "48": "48 Frecuencia 5240 MHz",
        "52": "52 Frecuencia 5260 MHz",
        "56": "56 Frecuencia 5280 MHz",
        "60": "60 Frecuencia 5300 MHz",
        "64": "64 Frecuencia 5320 MHz",
        "100": "100 Frecuencia 5500 MHz",
        "104": "104 Frecuencia 5520 MHz",
        "108": "108 Frecuencia 5540 MHz",
        "112": "112 Frecuencia 5560 MHz",
        "116": "116 Frecuencia 5580 MHz",
        "120": "120 Frecuencia 5600 MHz",
        "124": "124 Frecuencia 5620 MHz",
        "128": "128 Frecuencia 5640 MHz",
        "132": "132 Frecuencia 5660 MHz",
        "136": "136 Frecuencia 5680 MHz",
        "140": "140 Frecuencia 5700 MHz",
        "144": "144 Frecuencia 5720 MHz",
        "149": "149 Frecuencia 5745 MHz",
        "153": "153 Frecuencia 5765 MHz",
        "157": "157 Frecuencia 5785 MHz",
        "161": "161 Frecuencia 5805 MHz",
        "165": "165 Frecuencia 5825 MHz"
    }
}